{"FCFS": [0.07789259679643688, 0.20285838790206734, 0.971318162178787, 4.782144998314206], "PPrio": [0.09879931078933826, 0.24520379460561637, 0.7610766482837973, 2.405655768021689], "gen-$c\\mu$": [0.07263567541737284, 0.18666417559658854, 0.6597731156909582, 2.3493587817702766], "Whittle": [0.05349575530524104, 0.13172439208904585, 0.47440380734210436, 1.8001809991357551], "Gittins": [0.05245620843269138, 0.13246201542218786, 0.47330012505321284, 1.8050289856506456]}